{"cameraMode":{"drawMode":0,"name":"Shaded","section":"Shading Mode"},"sceneLighting":true,"audioPlay":false,"sceneViewState":{"m_AlwaysRefresh":false,"showFog":true,"showSkybox":true,"showFlares":true,"showImageEffects":true,"showParticleSystems":true,"showVisualEffectGraphs":true,"m_FxEnabled":true},"in2DMode":false,"pivot":{"x":6.646121978759766,"y":26.615198135375978,"z":-7.3566741943359379},"rotation":{"x":-0.0017906985012814403,"y":0.1544782519340515,"z":-0.0002553969097789377,"w":-0.9880121946334839},"size":30.059295654296876,"orthographic":false}